Data Lengkap: Januari 2014 - September 2024 (10+ tahun data bulanan);;;;;
Bulan;Tahun;Ranking;Kode ICD-10;Deskripsi Penyakit;Total Pasien
Januari;2014;1;A01.0;typhoid fever;101
Januari;2014;2;A09;diarrhoea and gastroenteritis of persumed infectio;75
Januari;2014;3;K29.0-.9;gastritis and duodenitis;62
Januari;2014;4;I10;hypertension;52
Januari;2014;5;E10-E14.0-.9;diabetes melitus;47
Januari;2014;6;I64;stroke,not specified as haemorrhage or infarction;40
Januari;2014;7;I25.9;congestive heart failure;38
Januari;2014;8;J44.9;other chronic obstructive pulmonary diseases;27
Januari;2014;9;R42;dizziness and giddiness;22
Januari;2014;10;I21.9;acute myocardial infarction,unspecified;22
Februari;2014;1;A01.0;typhoid fever;68
Februari;2014;2;A09;diarrhoea and gastroenteritis of persumed infectio;55
Februari;2014;3;K29.0 -.9;gastritis and duodenitis;55
Februari;2014;4;I10;hypertension;50
Februari;2014;5;I25.0 - .9;chronic ischaemic heart disease;48
Februari;2014;6;I64;stroke,not specified as haemorrhage or infarction;32
Februari;2014;7;E10-E14.0-.9;diabetes melitus;31
Februari;2014;8;J44.9;other chronic obstructive pulmonary diseases;29
Februari;2014;9;N18.9;chronic renal failure, unspecified;19
Februari;2014;10;R56.0 _.8;acute myocardial infarction,unspecified;19
Maret;2014;1;A01.0;typhoid fever;61
Maret;2014;2;K29.0 -.9;gastritis and duodenitis;57
Maret;2014;3;I64;stroke,not specified as haemorrhage or infarction;57
Maret;2014;4;I25.9;chronic ischaemic heart disease;48
Maret;2014;5;A09;diarrhoea and gastroenteritis of persumed infectio;44
Maret;2014;6;I10;hypertension;40
Maret;2014;7;N18.9;chronic renal failure, unspecified;34
Maret;2014;8;J18.0;pneumonia, organism unspecified;26
Maret;2014;9;E10 - E14.9;diabetes melitus;24
Maret;2014;10;I50.0 - .9;heart failure;24
April;2014;1;A01.0;typhoid fever;73
April;2014;2;A09;diarrhoea and gastroenteritis of persumed infectio;69
April;2014;3;K29.0-.9;gastritis and duodenitis;56
April;2014;4;I10;hypertension;47
April;2014;5;I64;stroke,not specified as haemorrhage or infarction;37
April;2014;6;E10 - E14.9;diabetes melitus;36
April;2014;7;I25.9;chronic ischaemic heart disease;30
April;2014;8;N18.9;chronic renal failure, unspecified;28
April;2014;9;I61.9;"intracerebral haemorrhage;unspecified";24
April;2014;10;I21.9;acute myocardial infarction, unspecified;26
Mei;2014;1;A01.0;typhoid fever;72
Mei;2014;2;A09;diarrhoea and gastroenteritis of persumed infectio;42
Mei;2014;3;I10;hypertension;50
Mei;2014;4;E10 - E14.9;diabetes melitus;24
Mei;2014;5;K29.0-.9;gastritis and duodenitis;58
Mei;2014;6;I64;stroke, not specified as haemorrhage or infarction;36
Mei;2014;7;A90;Dengue fever;24
Mei;2014;8;R42;Dizziness and giddiness;41
Mei;2014;9;I21.9;acute myocardial infarction, unspecified;15
Mei;2014;10;K30;dyspepsia;10
Juni;2014;1;A01.0;typhoid fever;62
Juni;2014;2;K29.0-.9;gastritis and duodenitis;53
Juni;2014;3;I25.9;Chronic ischaemic heart disease, unspecified;44
Juni;2014;4;E10 - E14.9;diabetes melitus;42
Juni;2014;5;N18.9;"chronic renal failure; unspecified";42
Juni;2014;6;A09;diarrhoea and gastroenteritis of persumed infectio;40
Juni;2014;7;I10;hypertension;39
Juni;2014;8;I64;stroke, not specified as haemorrhage or infarction;35
Juni;2014;9;R42;Dizziness and giddiness;23
Juni;2014;10;K40.0-.9;Inguinal hernia;23
Juli;2014;1;K29.0-.9;gastritis and duodenitis;59
Juli;2014;2;N18.9;"chronic renal failure; unspecified";54
Juli;2014;3;I25.9;Chronic ischaemic heart disease, unspecified;43
Juli;2014;4;A01.0;typhoid fever;42
Juli;2014;5;A09;diarrhoea and gastroenteritis of persumed infectio;40
Juli;2014;6;I10;hypertension;34
Juli;2014;7;E10 - E14.9;diabetes melitus;34
Juli;2014;8;K40.0-.9;Inguinal hernia;25
Juli;2014;9;I64;stroke, not specified as haemorrhage or infarction;24
Juli;2014;10;R42;Dizziness and giddiness;23
Agustus;2014;1;K29.0-.9;gastritis and duodenitis;61
Agustus;2014;2;A01.0;typhoid fever;59
Agustus;2014;3;A09;diarrhoea and gastroenteritis of persumed infectio;46
Agustus;2014;4;N18.9;"chronic renal failure; unspecified";45
Agustus;2014;5;I64;stroke, not specified as haemorrhage or infarction;43
Agustus;2014;6;E10 - E14.9;diabetes melitus;42
Agustus;2014;7;I10;hypertension;36
Agustus;2014;8;I25.9;Chronic ischaemic heart disease, unspecified;36
Agustus;2014;9;K40.0-.9;Inguinal hernia;24
Agustus;2014;10;R42;Dizziness and giddiness;21
September;2014;1;N18.9;"chronic renal failure; unspecified";62
September;2014;2;I25.9;Chronic ischaemic heart disease, unspecified;51
September;2014;3;K29.0-.9;gastritis and duodenitis;49
September;2014;4;A01.0;typhoid fever;43
September;2014;5;A09;diarrhoea and gastroenteritis of persumed infectio;43
September;2014;6;E10 - E14.9;diabetes melitus;36
September;2014;7;I64;stroke, not specified as haemorrhage or infarction;33
September;2014;8;K40.0-.9;Inguinal hernia;26
September;2014;9;I10;hypertension;25
September;2014;10;K35.0-.9;acute appendicitis;23
Oktober;2014;1;A01.0;typhoid fever;63
Oktober;2014;2;A09;diarrhoea and gastroenteritis of persumed infectio;63
Oktober;2014;3;K29.0-.9;gastritis and duodenitis;59
Oktober;2014;4;I64;stroke, not specified as haemorrhage or infarction;54
Oktober;2014;5;N18.9;"chronic renal failure; unspecified";47
Oktober;2014;6;E10 - E14.9;diabetes melitus;46
Oktober;2014;7;I25.9;Chronic ischaemic heart disease, unspecified;42
Oktober;2014;8;I10;hypertension;35
Oktober;2014;9;I21.9;acute myocardial infarction, unspecified;26
Oktober;2014;10;R42;Dizziness and giddiness;25
November;2014;1;K29.0-.9;gastritis and duodenitis;64
November;2014;2;A01.0;typhoid fever;60
November;2014;3;A09;diarrhoea and gastroenteritis of persumed infectio;55
November;2014;4;E10 - E14.9;diabetes melitus;51
November;2014;5;N18.9;"chronic renal failure; unspecified";42
November;2014;6;I64;stroke, not specified as haemorrhage or infarction;39
November;2014;7;I10;hypertension;33
November;2014;8;R42;Dizziness and giddiness;27
November;2014;9;I25.9;Chronic ischaemic heart disease, unspecified;27
November;2014;10;I61.9;"intracerebral haemorrhage;unspecified";23
Desember;2014;1;A01.0;typhoid fever;62
Desember;2014;2;K29.0-.9;gastritis and duodenitis;61
Desember;2014;3;A09;diarrhoea and gastroenteritis of persumed infectio;60
Desember;2014;4;I10;hypertension;50
Desember;2014;5;I64;stroke, not specified as haemorrhage or infarction;50
Desember;2014;6;E10 - E14.9;diabetes melitus;49
Desember;2014;7;N18.9;"chronic renal failure; unspecified";48
Desember;2014;8;I25.9;Chronic ischaemic heart disease, unspecified;46
Desember;2014;9;R42;Dizziness and giddiness;35
Desember;2014;10;K35.0 - .9;acute appendicitis;26
Januari;2015;1;A09;diarrhoea and gastroenteritis of persumed infectio;97
Januari;2015;2;A01.0;typhoid fever;77
Januari;2015;3;I25.9;Chronic ischaemic heart disease, unspecified;65
Januari;2015;4;K29.0-.9;gastritis and duodenitis;63
Januari;2015;5;E10 - E14.9;diabetes melitus;57
Januari;2015;6;N18.9;"chronic renal failure; unspecified";45
Januari;2015;7;J18.0;pneumonia;44
Januari;2015;8;I64;stroke, not specified as haemorrhage or infarction;37
Januari;2015;9;I10;hypertension;35
Januari;2015;10;R42;Dizziness and giddiness;32
Februari;2015;1;A01.0;typhoid fever;83
Februari;2015;2;A09;diarrhoea and gastroenteritis of persumed infectio;82
Februari;2015;3;K29.0-.9;gastritis and duodenitis;66
Februari;2015;4;I64;stroke, not specified as haemorrhage or infarction;64
Februari;2015;5;J18.0;pneumonia;50
Februari;2015;6;I25.9;Chronic ischaemic heart disease, unspecified;44
Februari;2015;7;I10;hypertension;39
Februari;2015;8;E10 - E14.9;diabetes melitus;36
Februari;2015;9;N18.9;"chronic renal failure; unspecified";32
Februari;2015;10;K35;appendicitis;29
Maret;2015;1;A09;diarrhoea and gastroenteritis of persumed infectio;97
Maret;2015;2;A01.0;typhoid fever;77
Maret;2015;3;K29.0-.9;gastritis and duodenitis;63
Maret;2015;4;J18.0;pneumonia;44
Maret;2015;5;I10;hypertension;35
Maret;2015;6;I25.9;Chronic ischaemic heart disease, unspecified;65
Maret;2015;7;N18.9;cronik renal failure;45
Maret;2015;8;I63-I64;stroke, not specified as haemorrhage or infarction;40
Maret;2015;9;E10 - E14.9;diabetes melitus;57
Maret;2015;10;A90;dengue fever;11
April;2015;1;A09;diarrhoea and gastroenteritis of persumed infectio;92
April;2015;2;A01.0;typhoid fever;88
April;2015;3;K29.0-.9;gastritis and duodenitis;60
April;2015;4;J18.0;pneumonia;60
April;2015;5;I63-I64;stroke, not specified as haemorrhage or infarction;60
April;2015;6;I10;hypertension;50
April;2015;7;A91;Dengue haemoraghe fever;44
April;2015;8;E10 - E14.9;diabetes melitus;41
April;2015;9;A90;dengue fever;38
April;2015;10;I25.9;Chronic ischaemic heart disease, unspecified;31
Mei;2015;1;A01.0;typhoid fever;80
Mei;2015;2;A09;diarrhoea and gastroenteritis of persumed infectio;79
Mei;2015;3;K29.0-.9;gastritis and duodenitis;57
Mei;2015;4;I10;hypertension;53
Mei;2015;5;A91;Dengue haemoraghe fever;35
Mei;2015;6;J18.0;pneumonia;49
Mei;2015;7;A90;dengue fever;52
Mei;2015;8;I63-I64;stroke, not specified as haemorrhage or infarction;33
Mei;2015;9;R42;vertigo;33
Mei;2015;10;I25.9;Chronic ischaemic heart disease, unspecified;30
Juni;2015;1;A01.0;typhoid fever;83
Juni;2015;2;A09;diarrhoea and gastroenteritis of persumed infectio;70
Juni;2015;3;A91;Dengue haemoraghe fever;45
Juni;2015;4;J180;bronchopneumonia;44
Juni;2015;5;A90;dengue fever;41
Juni;2015;6;K29;gastritis;40
Juni;2015;7;I10;hypertensi;39
Juni;2015;8;I639;stroke non haemoraghe;36
Juni;2015;9;E10-E14;diabetes melitus;35
Juni;2015;10;I259;IHD 9ischaemic heart disease;30
Juli;2015;1;A09;gastroenteritis acute;56
Juli;2015;2;I10;hipertensi;52
Juli;2015;3;I50.0;heart failure;52
Juli;2015;4;E10-E14.0-9;diabetes melitus;51
Juli;2015;5;A01.0;typhoid fever;50
Juli;2015;6;J18.0;bronchopneumonia;49
Juli;2015;7;I63.9;stroke non haemoreghe;41
Juli;2015;8;A91;Dengue haemoraghe fever;30
Juli;2015;9;I25.9;IHD (ischaemic heart disease);28
Juli;2015;10;K29.0 - .9;gastritis;27
Agustus;2015;1;E10-E14.0-9;diabetes melitus;51
Agustus;2015;2;A01.0;typhoid fever;45
Agustus;2015;3;I10;hipertensi;44
Agustus;2015;4;J18.0;bronchopneumonia;42
Agustus;2015;5;I63.9;stroke non haemoreghe;40
Agustus;2015;6;K29.0 - .9;gastritis;38
Agustus;2015;7;A09;gastroenteritis acute;31
Agustus;2015;8;I25.9;IHD (ischaemic heart disease);30
Agustus;2015;9;K35.9;appendicitis;24
Agustus;2015;10;A16.2;tb paru;24
September;2015;1;A01.0;typhoid fever;50
September;2015;2;J18.0;bronchopneumonia;48
September;2015;3;I25.9;IHD (ischaemic heart disease);41
September;2015;4;I10;hipertensi;39
September;2015;5;E10-E14.0-9;diabetes melitus;39
September;2015;6;K29.0 - .9;gastritis;38
September;2015;7;I63.9;stroke non haemoreghe;34
September;2015;8;N18.0-.9;cronik renal failure;30
September;2015;9;A09;gastroenteritis acute;24
September;2015;10;I61.9;stroke haemoraghe;24
Oktober;2015;1;A01.0;typhoid fever;60
Oktober;2015;2;K29.0 - .9;gastritis;60
Oktober;2015;3;I10;hipertensi;49
Oktober;2015;4;I64;stroke non haemoreghe;52
Oktober;2015;5;E10-E14.0-9;diabetes melitus;37
Oktober;2015;6;A09;gastroenteritis acute;33
Oktober;2015;7;K409;hernia inguinal;27
Oktober;2015;8;A90;dengue fever;24
Oktober;2015;9;I25.9;IHD (ischaemic heart disease);22
Oktober;2015;10;N18.0-.9;cronik renal failure;20
November;2015;1;A01.0;typhoid fever;60
November;2015;2;I10;hipertensi;40
November;2015;3;K29.0 - .9;gastritis;39
November;2015;4;A09;gastroenteritis acute;37
November;2015;5;A90;dengue fever;37
November;2015;6;E10-E14.0-9;diabetes melitus;36
November;2015;7;I64;stroke non haemoreghe;37
November;2015;8;N18.0-.9;cronik renal failure;24
November;2015;9;I25.9;IHD (ischaemic heart disease);23
November;2015;10;S06;comotio cerebri;21
Desember;2015;1;K29.0 - .9;gastritis;54
Desember;2015;2;A09;gastroenteritis acute;42
Desember;2015;3;I10;hipertensi;37
Desember;2015;4;A01.0;typhoid fever;36
Desember;2015;5;I63-I64;stroke non haemoreghe;34
Desember;2015;6;E10-E14.0-9;diabetes melitus;33
Desember;2015;7;N18.0-.9;cronik renal failure;30
Desember;2015;8;I12;Hypertensive renal disease;24
Desember;2015;9;I61.9;stroke haemoraghe;19
Desember;2015;10;I25.9;IHD (ischaemic heart disease);19
Januari;2016;1;A09;gastroenteritis acute;91
Januari;2016;2;E10-E14.0-9;diabetes melitus;52
Januari;2016;3;A01.0;typhoid fever;49
Januari;2016;4;K29.0 - .9;gastritis;45
Januari;2016;5;J18.0;bronchopneumonia;37
Januari;2016;6;I63.9;stroke non haemoraghe;34
Januari;2016;7;K35.9;appendicitis;30
Januari;2016;8;I25.9;IHD (ischaemic heart disease);26
Januari;2016;9;N18.9;cronik renal failure;26
Januari;2016;10;I21.0-.9;AMI (acute myocardial infarction);24
Februari;2016;1;A01.0;typhoid fever;75
Februari;2016;2;A09;gastroenteritis acute;64
Februari;2016;3;A90;dengue fever;64
Februari;2016;4;J18.0;bronchopneumonia;45
Februari;2016;5;I63.9;stroke non haemoraghe;42
Februari;2016;6;I10;hipertensi;38
Februari;2016;7;E10-E14.0-9;diabetes melitus;38
Februari;2016;8;A91;Dengue haemoraghe fever;34
Februari;2016;9;K29.0 - .9;gastritis;32
Februari;2016;10;I50.0;heart failure;26
Maret;2016;1;A01.0;typhoid fever;88
Maret;2016;2;J18.0;bronchopneumonia;73
Maret;2016;3;A09;gastroenteritis acute;53
Maret;2016;4;I63.9;stroke non haemoraghe;49
Maret;2016;5;K29.0 - .9;gastritis;46
Maret;2016;6;I25.9;IHD (ischaemic heart disease);40
Maret;2016;7;K35.9;appendicitis;32
Maret;2016;8;A90;dengue fever;31
Maret;2016;9;A91;Dengue haemoraghe fever;31
Maret;2016;10;E10-E14.0-9;diabetes melitus;22
April;2016;1;A01.0;typhoid fever;103
April;2016;2;J18.0;pneumonia;74
April;2016;3;A91;Dengue haemoraghe fever;54
April;2016;4;A09;gastroenteritis acute;48
April;2016;5;A90;dengue fever;45
April;2016;6;I63.9;stroke non haemoraghe;41
April;2016;7;K29.0 - .9;gastritis;40
April;2016;8;I50.0;heart failure;40
April;2016;9;I25.9;IHD (ischaemic heart disease);32
April;2016;10;I61.9;stroke haemoraghe;27
Mei;2016;1;A01.0;typhoid fever;84
Mei;2016;2;A90;dengue fever;60
Mei;2016;3;J18.0;bronchopneumonia;58
Mei;2016;4;A09;gastroenteritis acute;57
Mei;2016;5;K29.0 - .9;gastritis;40
Mei;2016;6;A91;Dengue haemoraghe fever;36
Mei;2016;7;E10-E14.0-9;diabetes melitus;35
Mei;2016;8;I50.0;heart failure;28
Mei;2016;9;I63.9;stroke non haemoraghe;28
Mei;2016;10;N18.9;cronik renal failure;27
Juni;2016;1;A01.0;typhoid fever;57
Juni;2016;2;J18.0;pneumonia;57
Juni;2016;3;I63.9;stroke non haemoraghe;52
Juni;2016;4;A09;gastroenteritis acute;51
Juni;2016;5;A90;dengue fever;39
Juni;2016;6;E10-E14.0-9;diabetes melitus;36
Juni;2016;7;I10;hipertensi;28
Juni;2016;8;K29.0 - .9;gastritis;27
Juni;2016;9;A91;Dengue haemoraghe fever;26
Juni;2016;10;N18.9;cronik renal failure;7
Juli;2016;1;J18.0;pneumonia;69
Juli;2016;2;A09;gastroenteritis acute;64
Juli;2016;3;A01.0;typhoid fever;50
Juli;2016;4;I63.9;stroke non haemoraghe;47
Juli;2016;5;K29.0 - .9;gastritis;46
Juli;2016;6;A90;dengue fever;42
Juli;2016;7;A91;Dengue haemoraghe fever;31
Juli;2016;8;E10-E14.0-9;diabetes melitus;24
Juli;2016;9;I25.9;IHD (ischaemic heart disease);18
Juli;2016;10;N18.9;cronik renal failure;17
Agustus;2016;1;A09;gastroenteritis acute;58
Agustus;2016;2;A90;dengue fever;58
Agustus;2016;3;I63.9;stroke non haemoraghe;57
Agustus;2016;4;A01.0;typhoid fever;55
Agustus;2016;5;K29.0 - .9;gastritis;52
Agustus;2016;6;J18.0;pneumonia;51
Agustus;2016;7;A91;Dengue haemoraghe fever;42
Agustus;2016;8;N18.9;cronik renal failure;30
Agustus;2016;9;I10;hipertensi;21
Agustus;2016;10;E10-E14.0-9;diabetes melitus;19
September;2016;1;K29.0 - .9;gastritis;42
September;2016;2;A90;dengue fever;34
September;2016;3;A01.0;typhoid fever;31
September;2016;4;J18.0;bronchopneumonia;28
September;2016;5;A09;gastroenteritis acute;26
September;2016;6;N189;cronik renal failure;25
September;2016;7;E10-E14.0-9;diabetes melitus;20
September;2016;8;I10;hipertensi;19
September;2016;9;K40.0-.9;hernia inguinal;19
September;2016;10;A91;dengue haemoraghe fever;19
Oktober;2016;1;A09;gastroenteritis acute;45
Oktober;2016;2;K29.0 - .9;gastritis;45
Oktober;2016;3;I63-I64;stroke non haemoraghe;28
Oktober;2016;4;A01.0;typhoid fever;34
Oktober;2016;5;J18.0;bronchopneumonia;0
Oktober;2016;6;E10-E14.0-9;diabetes melitus;29
Oktober;2016;7;N189;cronik renal failure;28
Oktober;2016;8;I259;IHD (ischenic heart disease);26
Oktober;2016;9;A91;dengue haemoraghe fever;25
Oktober;2016;10;I10;hipertensi;23
November;2016;1;A09;gastroenteritis acute;41
November;2016;2;A90;dengue fever;39
November;2016;3;K29.0 - .9;gastritis;37
November;2016;4;A01.0;typhoid fever;29
November;2016;5;I63-I64;stroke non haemoraghe;24
November;2016;6;J18.0;bronchopneumonia;23
November;2016;7;E10-E14.0-9;diabetes melitus;21
November;2016;8;N189;cronik renal failure;19
November;2016;9;I10;hipertensi;18
November;2016;10;K359;appendicitis;18
Desember;2016;1;A09;gastroenteritis acute;86
Desember;2016;2;I63-I64;stroke non haemoraghe;50
Desember;2016;3;A01.0;typhoid fever;44
Desember;2016;4;K29.0 - .9;gastritis;42
Desember;2016;5;A90;dengue fever;37
Desember;2016;6;E10-E14.0-9;diabetes melitus;33
Desember;2016;7;J18.0;bronchopneumonia;24
Desember;2016;8;I61.9;stroke haemoraghe;23
Desember;2016;9;A91;dengue haemoraghe fever;21
Desember;2016;10;I10;hipertensi;18
Januari;2017;1;A09;Other gastroenteritis and colitis of infectious an;132
Januari;2017;2;K297;Gastritis, unspecified;128
Januari;2017;3;A010;Typhoid fever;127
Januari;2017;4;A90;Dengue fever [classical dengue];121
Januari;2017;5;J180;Bronchopneumonia, unspecified;90
Januari;2017;6;P034;Fetus and newborn affected by caesarean delivery;88
Januari;2017;7;N189;Chronic kidney disease, unspecified;78
Januari;2017;8;I639;Cerebral infarction, unspecified;76
Januari;2017;9;I64;Stroke, not specified as haemorrhage or infarction;73
Januari;2017;10;D649;Anaemia, unspecified;72
Februari;2017;1;A09;Other gastroenteritis and colitis of infectious an;47
Februari;2017;2;A010;Typhoid fever;38
Februari;2017;3;I639;Cerebral infarction, unspecified;28
Februari;2017;4;A90;Dengue fever [classical dengue];26
Februari;2017;5;K297;Gastritis, unspecified;25
Februari;2017;6;G936;Cerebral oedema;24
Februari;2017;7;J440;Chronic obstructive pulmonary disease with acute l;23
Februari;2017;8;P034;Fetus and newborn affected by caesarean delivery;21
Februari;2017;9;I64;Stroke, not specified as haemorrhage or infarction;21
Februari;2017;10;N189;Chronic kidney disease, unspecified;19
Maret;2017;1;A010;Typhoid fever;45
Maret;2017;2;K297;Gastritis, unspecified;30
Maret;2017;3;A099;Gastroenteritis and colitis of unspecified origin;29
Maret;2017;4;I639;Cerebral infarction, unspecified;29
Maret;2017;5;J440;Chronic obstructive pulmonary disease with acute l;27
Maret;2017;6;A90;Dengue fever [classical dengue];26
Maret;2017;7;I10;Essential (primary) hypertension;22
Maret;2017;8;K291;Other acute gastritis;22
Maret;2017;9;P034;Fetus and newborn affected by caesarean delivery;22
Maret;2017;10;O420;Premature rupture of membranes, onset of labour wi;20
April;2017;1;A010;Typhoid fever;41
April;2017;2;I639;Cerebral infarction, unspecified;38
April;2017;3;P034;Fetus and newborn affected by caesarean delivery;35
April;2017;4;I10;Essential (primary) hypertension;28
April;2017;5;A099;Gastroenteritis and colitis of unspecified origin;27
April;2017;6;N189;Chronic kidney disease, unspecified;25
April;2017;7;K297;Gastritis, unspecified;22
April;2017;8;N390;Urinary tract infection, site not specified;21
April;2017;9;J440;Chronic obstructive pulmonary disease with acute l;20
April;2017;10;K291;Other acute gastritis;17
Mei;2017;1;I639;Cerebral infarction, unspecified;38
Mei;2017;2;P034;Fetus and newborn affected by caesarean delivery;33
Mei;2017;3;A099;Gastroenteritis and colitis of unspecified origin;28
Mei;2017;4;A010;Typhoid fever;27
Mei;2017;5;N189;Chronic kidney disease, unspecified;26
Mei;2017;6;I10;Essential (primary) hypertension;24
Mei;2017;7;K291;Other acute gastritis;22
Mei;2017;8;J180;Bronchopneumonia, unspecified;21
Mei;2017;9;J440;Chronic obstructive pulmonary disease with acute l;21
Mei;2017;10;O420;Premature rupture of membranes, onset of labour wi;19
Juni;2017;1;A010;Typhoid fever;27
Juni;2017;2;I639;Cerebral infarction, unspecified;26
Juni;2017;3;P034;Fetus and newborn affected by caesarean delivery;25
Juni;2017;4;A099;Gastroenteritis and colitis of unspecified origin;23
Juni;2017;5;K291;Other acute gastritis;20
Juni;2017;6;K297;Gastritis, unspecified;19
Juni;2017;7;N189;Chronic kidney disease, unspecified;15
Juni;2017;8;O420;Premature rupture of membranes, onset of labour wi;14
Juni;2017;9;I10;Essential (primary) hypertension;13
Juni;2017;10;P071;Other low birth weight;13
Juli;2017;1;I639;Cerebral infarction, unspecified;28
Juli;2017;2;P034;Fetus and newborn affected by caesarean delivery;28
Juli;2017;3;I10;Essential (primary) hypertension;27
Juli;2017;4;K291;Other acute gastritis;22
Juli;2017;5;J189;Pneumonia, unspecified;21
Juli;2017;6;A099;Gastroenteritis and colitis of unspecified origin;20
Juli;2017;7;O420;Premature rupture of membranes, onset of labour wi;20
Juli;2017;8;N189;Chronic kidney disease, unspecified;18
Juli;2017;9;Z470;Follow-up care involving removal of fracture plate;18
Juli;2017;10;I110;Hypertensive heart disease with (congestive) heart;17
Agustus;2017;1;A010;Typhoid fever;37
Agustus;2017;2;A099;Gastroenteritis and colitis of unspecified origin;37
Agustus;2017;3;K291;Other acute gastritis;30
Agustus;2017;4;I639;Cerebral infarction, unspecified;28
Agustus;2017;5;N189;Chronic kidney disease, unspecified;25
Agustus;2017;6;I612;Intracerebral haemorrhage in hemisphere, unspecifi;25
Agustus;2017;7;S060;Concussion;20
Agustus;2017;8;I10;Essential (primary) hypertension;17
Agustus;2017;9;N390;Urinary tract infection, site not specified;16
Agustus;2017;10;I64;Stroke, not specified as haemorrhage or infarction;15
September;2017;1;A09;Gastroenteritis and colitis of unspecified origin;44
September;2017;2;I639;Cerebral infarction, unspecified;42
September;2017;3;A010;Typhoid fever;28
September;2017;4;K291;Other acute gastritis;28
September;2017;5;J440;Chronic obstructive pulmonary disease with acute l;20
September;2017;6;J180;Bronchopneumonia, unspecified;19
September;2017;7;N189;Chronic kidney disease, unspecified;17
September;2017;8;N390;Urinary tract infection, site not specified;17
September;2017;9;I110;Hypertensive heart disease with (congestive) heart;17
September;2017;10;E149;Unspecified diabetes mellitus without complication;17
Oktober;2017;1;A010;Typhoid fever;46
Oktober;2017;2;I639;Cerebral infarction, unspecified;34
Oktober;2017;3;N390;Urinary tract infection, site not specified;26
Oktober;2017;4;I10;Essential (primary) hypertension;25
Oktober;2017;5;K291;Other acute gastritis;23
Oktober;2017;6;J189;Pneumonia, unspecified;22
Oktober;2017;7;D649;Anaemia, unspecified;21
Oktober;2017;8;A099;Gastroenteritis and colitis of unspecified origin;21
Oktober;2017;9;N189;Chronic kidney disease, unspecified;20
Oktober;2017;10;S060;Concussion;19
November;2017;1;A010;Typhoid fever;50
November;2017;2;I639;Cerebral infarction, unspecified;32
November;2017;3;J189;Pneumonia, unspecified;29
November;2017;4;N189;Chronic kidney disease, unspecified;28
November;2017;5;N390;Urinary tract infection, site not specified;28
November;2017;6;A099;Gastroenteritis and colitis of unspecified origin;26
November;2017;7;K291;Other acute gastritis;25
November;2017;8;J069;Acute upper respiratory infection, unspecified;23
November;2017;9;I10;Essential (primary) hypertension;21
November;2017;10;K409;Unilateral or unspecified inguinal hernia, without;20
Desember;2017;1;I639;Cerebral infarction, unspecified;38
Desember;2017;2;A010;Typhoid fever;37
Desember;2017;3;A099;Gastroenteritis and colitis of unspecified origin;35
Desember;2017;4;J180;Bronchopneumonia, unspecified;29
Desember;2017;5;J189;Pneumonia, unspecified;27
Desember;2017;6;N390;Urinary tract infection, site not specified;26
Desember;2017;7;D649;Anaemia, unspecified;24
Desember;2017;8;N189;Chronic kidney disease, unspecified;23
Desember;2017;9;A09;Other gastroenteritis and colitis of infectious an;21
Desember;2017;10;K30;Dyspepsia;20
Januari;2018;1;A099;Gastroenteritis and colitis of unspecified origin;47
Januari;2018;2;I639;Cerebral infarction, unspecified;37
Januari;2018;3;Z380;Singleton, born in hospital;30
Januari;2018;4;A09;Other gastroenteritis and colitis of infectious an;29
Januari;2018;5;J189;Pneumonia, unspecified;29
Januari;2018;6;P034;Fetus and newborn affected by caesarean delivery;22
Januari;2018;7;D649;Anaemia, unspecified;19
Januari;2018;8;I10;Essential (primary) hypertension;19
Januari;2018;9;A010;Typhoid fever;19
Januari;2018;10;K30;Dyspepsia;16
Februari;2018;1;A09.9;Gastroenteritis and colitis of unspecified origin;53
Februari;2018;2;I63.9;Cerebral infarction, unspecified;33
Februari;2018;3;J18.9;Pneumonia, unspecified;27
Februari;2018;4;K30;Dyspepsia;27
Februari;2018;5;A01.0;Typhoid fever;21
Februari;2018;6;N18.9;Chronic renal failure, unspecified;21
Februari;2018;7;I10;Essential (primary) hypertension;21
Februari;2018;8;P03.4;Fetus and newborn affected by caesarean delivery;20
Februari;2018;9;Z38.0;Singleton, born in hospital;20
Februari;2018;10;J18.0;Bronchopneumonia, unspecified;17
Maret;2018;1;A09.9;Gastroenteritis and colitis of unspecified origin;58
Maret;2018;2;K30;Dyspepsia;35
Maret;2018;3;J18.9;Pneumonia, unspecified;21
Maret;2018;4;J18.0;Bronchopneumonia, unspecified;28
Maret;2018;5;N18.9;Chronic renal failure, unspecified;27
Maret;2018;6;I63.9;Cerebral infarction, unspecified;27
Maret;2018;7;D64.9;Anaemia, unspecified;25
Maret;2018;8;A01.0;Typhoid fever;24
Maret;2018;9;P03.4;Fetus and newborn affected by caesarean delivery;23
Maret;2018;10;Z38.0;Singleton, born in hospital;20
April;2018;1;A09.9;Gastroenteritis and colitis of unspecified origin;52
April;2018;2;I63.9;Cerebral infarction, unspecified;36
April;2018;3;J18.9;Pneumonia, unspecified;33
April;2018;4;K30;Dyspepsia;28
April;2018;5;N18.9;Chronic renal failure, unspecified;27
April;2018;6;I64;Stroke, not specified as haemorrhage or infarction;27
April;2018;7;P03.4;Fetus and newborn affected by caesarean delivery;24
April;2018;8;A01.0;Typhoid fever;22
April;2018;9;Z38.0;Singleton, born in hospital;22
April;2018;10;J18.0;Bronchopneumonia, unspecified;20
Mei;2018;1;A09.9;Gastroenteritis and colitis of unspecified origin;46
Mei;2018;2;I63.9;Cerebral infarction, unspecified;38
Mei;2018;3;A01.0;Typhoid fever;34
Mei;2018;4;J18.9;Pneumonia, unspecified;31
Mei;2018;5;K30;Dyspepsia;31
Mei;2018;6;Z38.0;Singleton, born in hospital;28
Mei;2018;7;I10;Essential (primary) hypertension;27
Mei;2018;8;P03.4;Fetus and newborn affected by caesarean delivery;25
Mei;2018;9;I64;Stroke, not specified as haemorrhage or infarction;19
Mei;2018;10;E11.9;Non-insulin-dependent diabetes mellitus without co;16
Juni;2018;1;I63.9;Cerebral infarction, unspecified;51
Juni;2018;2;J18.9;Pneumonia, unspecified;31
Juni;2018;3;A09.9;Gastroenteritis and colitis of unspecified origin;30
Juni;2018;4;N18.9;Chronic renal failure, unspecified;28
Juni;2018;5;D64.9;Anaemia, unspecified;28
Juni;2018;6;K30;Dyspepsia;25
Juni;2018;7;I10;Essential (primary) hypertension;24
Juni;2018;8;Z38.0;Singleton, born in hospital;22
Juni;2018;9;I61.2;Intracerebral haemorrhage in hemisphere, unspecifi;20
Juni;2018;10;P03.4;Fetus and newborn affected by caesarean delivery;20
Juli;2018;1;I63.9;Cerebral infarction, unspecified;49
Juli;2018;2;A09.9;Gastroenteritis and colitis of unspecified origin;47
Juli;2018;3;D64.9;Anaemia, unspecified;32
Juli;2018;4;J18.9;Pneumonia, unspecified;25
Juli;2018;5;I10;Essential (primary) hypertension;25
Juli;2018;6;S06.0;Concussion;23
Juli;2018;7;K30;Dyspepsia;20
Juli;2018;8;N18.9;Chronic renal failure, unspecified;17
Juli;2018;9;A01.0;Typhoid fever;15
Juli;2018;10;I61.2;Intracerebral haemorrhage in hemisphere, unspecifi;14
Agustus;2018;1;I63.9;Cerebral infarction, unspecified;54
Agustus;2018;2;A09.9;Gastroenteritis and colitis of unspecified origin;35
Agustus;2018;3;K30;Dyspepsia;27
Agustus;2018;4;I61.2;Intracerebral haemorrhage in hemisphere, unspecifi;25
Agustus;2018;5;D64.9;Anaemia, unspecified;22
Agustus;2018;6;A01.0;Typhoid fever;18
Agustus;2018;7;I10;Essential (primary) hypertension;16
Agustus;2018;8;J18.9;Pneumonia, unspecified;16
Agustus;2018;9;I11.0;Hypertensive heart disease with (congestive) heart;16
Agustus;2018;10;N18.9;Chronic renal failure, unspecified;15
September;2018;1;I63.9;Cerebral infarction, unspecified;34
September;2018;2;A09.9;Gastroenteritis and colitis of unspecified origin;23
September;2018;3;D64.9;Anaemia, unspecified;23
September;2018;4;J18.9;Pneumonia, unspecified;19
September;2018;5;S06.0;Concussion;18
September;2018;6;A01.0;Typhoid fever;15
September;2018;7;K30;Dyspepsia;13
September;2018;8;E14.9;Unspecified diabetes mellitus without complication;12
September;2018;9;J18.0;Bronchopneumonia, unspecified;11
September;2018;10;I10;Essential (primary) hypertension;11
Oktober;2018;1;I10;Essential (primary) hypertension;75
Oktober;2018;2;K30;Dyspepsia;74
Oktober;2018;3;I63.9;Cerebral Infarction, unspecified;48
Oktober;2018;4;D64.9;Anaemia, unspecified;45
Oktober;2018;5;E14.9;Unspecified diabetes mellitus without complication;43
Oktober;2018;6;I25.9;Chronic ischaemic heart disease, unspecified;40
Oktober;2018;7;J18.9;Pneumonia, unspecified;40
Oktober;2018;8;A09.9;Gastroenteritis and colitis of unspecified origin;34
Oktober;2018;9;E11.9;Non - insulin - dependent diabetes mellitus withou;32
Oktober;2018;10;J44.1;Chronic obstructive pulmonary disease with acute;26
November;2018;1;K30;Dyspepsia;71
November;2018;2;I63.9;Cerebral Infarction, unspecified;53
November;2018;3;I10;Essential (primary) hypertension;48
November;2018;4;A09.9;Gastroenteritis and colitis of unspecified origin;45
November;2018;5;D64.9;Anaemia, unspecified;41
November;2018;6;E11.9;Non - insulin - dependent diabetes mellitus withou;38
November;2018;7;S06.0;Concussion;33
November;2018;8;J18.9;Pneumonia, unspecified;32
November;2018;9;I12.0;hypertensive renal disease with renal failure;30
November;2018;10;E14.9;Unspecified diabetes mellitus without complication;26
Desember;2018;1;K30;Dyspepsia;77
Desember;2018;2;I10;Essential (primary) hypertension;52
Desember;2018;3;A09.9;Gastroenteritis and colitis of unspecified origin;48
Desember;2018;4;I63.9;Cerebral Infarction, unspecified;46
Desember;2018;5;J18.9;Pneumonia, unspecified;34
Desember;2018;6;D63.8;Anaemia in other chronic diseases classified elsew;31
Desember;2018;7;D64.9;Anaemia, unspecified;31
Desember;2018;8;I12.0;hypertensive renal disease with renal failure;31
Desember;2018;9;E86;Volume depletion;29
Desember;2018;10;E11.9;Non - insulin - dependent diabetes mellitus withou;26
Januari;2019;1;K30;Dyspepsia;69
Januari;2019;2;J18.9;Pneumonia, Unspecified;64
Januari;2019;3;D64.9;Anaemia, Unspecified;57
Januari;2019;4;A09.9;Gastroenteritis and colitis of unsfecified origin;56
Januari;2019;5;I10;Essential (primary) hypertension;54
Januari;2019;6;I63.9;Cerebral infraction, unspecified;51
Januari;2019;7;D63.9;Anaemia in other chronic diseases classified elsew;40
Januari;2019;8;E11.9;Non-insulin-dependent diabetes mellitus without co;35
Januari;2019;9;A01.0;Typhoid fever;31
Januari;2019;10;I25.9;Chronic ischaemic hearth disease, unspecified;29
Februari;2019;1;K30;Dyspepsia;85
Februari;2019;2;J18.9;Pneumonia, Unspecified;77
Februari;2019;3;A09.9;Gastroenteritis and colitis of unsfecified origin;68
Februari;2019;4;I10;Essential (primary) hypertension;66
Februari;2019;5;I63.9;Cerebral infarction, unspecified;58
Februari;2019;6;A90;Dengue fever (classical dengue);58
Februari;2019;7;D64.9;Anaemia, Unspecified;53
Februari;2019;8;J06.9;Acute upper respiratory infection, unspecified;46
Februari;2019;9;E11.9;Non-insulin-dependent diabetes mellitus without co;42
Februari;2019;10;J44.1;Chronic obstructive pulmonary disease with acute e;39
Maret;2019;1;K30;Dyspepsia;86
Maret;2019;2;A01.0;Typhoid fever;75
Maret;2019;3;A90;Dengue fever (classical dengue);59
Maret;2019;4;I10;Essential (primary) hypertension;58
Maret;2019;5;I63.9;Cerebral infarction, unspecified;56
Maret;2019;6;D64.9;Anaemia, Unspecified;55
Maret;2019;7;A09.9;Gastroenteritis and colitis of unsfecified origin;53
Maret;2019;8;J18.9;Pneumonia, Unspecified;53
Maret;2019;9;E11.9;Non-insulin-dependent diabetes mellitus without co;45
Maret;2019;10;J06.9;Acute upper respiratory infection, unspecified;38
April;2019;1;A90;Dengue fever (classical dengue);108
April;2019;2;K30;Dyspepsia;89
April;2019;3;A01.0;Typhoid fever;87
April;2019;4;I10;Essential (primary) hypertension;63
April;2019;5;A09.9;Gastroenteritis and colitis of unspecified origin;51
April;2019;6;D64.9;Anaemia, unspecified;48
April;2019;7;I63.9;Cerebral infarction, unspecified;46
April;2019;8;J06.9;Acute upper respiratory infection, unspecified;45
April;2019;9;J18.9;Pneumonia, unspecified;41
April;2019;10;E11.9;Non-insulin-dependent diabetes mellitus without co;34
Mei;2019;1;A01.0;Typhoid fever;71
Mei;2019;2;A90;Dengue fever (classical dengue);66
Mei;2019;3;K30;Dyspepsia;51
Mei;2019;4;I63.9;Cerebral infarction, unspecified;44
Mei;2019;5;A09.9;Gastroenteritis and colitis of unspecified origin;43
Mei;2019;6;D64.9;Anaemia, unspecified;38
Mei;2019;7;I10;Essential (primary) hypertension;37
Mei;2019;8;J18.9;Pneumonia, unspecified;28
Mei;2019;9;G81.9;Hemiplegia, unspecified;27
Mei;2019;10;J44.1;Chronic obstructive pulmonary disease with acute e;25
Juni;2019;1;K30;Dyspepsia;53
Juni;2019;2;I63.9;Cerebral infarction, unspecified;45
Juni;2019;3;A90;Dengue fever (classical dengue);40
Juni;2019;4;A01.0;Typhoid fever;39
Juni;2019;5;J18.9;Pneumonia, unspecified;37
Juni;2019;6;I10;Essential (primary) hypertension;36
Juni;2019;7;E11.9;Non-insulin-dependent diabetes mellitus without co;32
Juni;2019;8;D64.9;Anaemia, unspecified;31
Juni;2019;9;A09.9;Gastroenteritis and colitis of unspecified origin;29
Juni;2019;10;J44.1;Chronic obstructive pulmonary disease with acute e;27
Juli;2019;1;K30;Dyspepsia;56
Juli;2019;2;D64.9;Anaemia, unspecified;46
Juli;2019;3;I10;Essential (primary) hypertension;44
Juli;2019;4;I63.9;Cerebral infarction, unspecified;38
Juli;2019;5;A09.9;Gastroenteritis and colitis of unspecified origin;35
Juli;2019;6;J18.9;Pneumonia, unspecified;34
Juli;2019;7;E11.9;Non Insulin Dependent diabetes mellitus without co;32
Juli;2019;8;A01.0;Typhoid fever;30
Juli;2019;9;E14.9;Unspecified diabetes mellitus without complication;28
Juli;2019;10;I25.9;Chronic ischaemic heart disease, unspecified;26
Agustus;2019;1;K30;Dyspepsia;59
Agustus;2019;2;I10;Essential (primary) hypertension;57
Agustus;2019;3;D64.9;Anaemia, unspecified;43
Agustus;2019;4;I63.9;Cerebral infarction, unspecified;39
Agustus;2019;5;J18.9;Pneumonia, unspecified;38
Agustus;2019;6;E14.9;Unspecified diabetes mellitus without complication;36
Agustus;2019;7;A09.9;Gastroenteritis and colitis of unspecified origin;33
Agustus;2019;8;I25.9;Chronic ischaemic heart disease, unspecified;32
Agustus;2019;9;E11.9;Non Insulin Dependent diabetes mellitus without co;31
Agustus;2019;10;N18.9;Chronic Renal Failure, Unspecified;26
September;2019;1;K30;Dyspepsia;74
September;2019;2;I10;Essential (primary) hypertension;56
September;2019;3;D64.9;Anaemia, unspecified;49
September;2019;4;E14.9;Unspecified diabetes mellitus without complication;42
September;2019;5;I25.9;Chronic ischaemic heart disease, unspecified;39
September;2019;6;A09.9;Gastroenteritis and colitis of unspecified origin;38
September;2019;7;J18.9;Pneumonia, unspecified;35
September;2019;8;I63.9;Cerebral infarction, unspecified;34
September;2019;9;A01.0;Typhoid fever;33
September;2019;10;J44,1;Chronic obstructive pulmonary disease with acute e;28
Oktober;2019;1;I10;Essential (primary) hypertension;57
Oktober;2019;2;A01.0;Typhoid fever;57
Oktober;2019;3;A09.9;Gastroenteritis and colitis of unspecified origin;54
Oktober;2019;4;I63.9;Cerebral infarction, unspecified;47
Oktober;2019;5;D64.9;Anaemia, unspecified;42
Oktober;2019;6;K30;Dyspepsia;40
Oktober;2019;7;E11.9;Non Insulin Dependent diabetes mellitus without co;35
Oktober;2019;8;I25.9;Chronic ischaemic heart disease, unspecified;32
Oktober;2019;9;J18.9;Pneumonia, unspecified;29
Oktober;2019;10;E14.9;Unspecified diabetes mellitus without complication;25
Desember;2019;1;K30;Dyspepsia;67
Desember;2019;2;I10;Essential (primary) hypertension;60
Desember;2019;3;D64.9;Anaemia, unspecified;47
Desember;2019;4;I63.9;Cerebral infarction, unspecified;39
Desember;2019;5;I25.9;Chronic ischaemic heart disease, unspecified;39
Desember;2019;6;A09.9;Gastroenteritis and colitis of unspecified origin;39
Desember;2019;7;J18.9;Pneumonia, unspecified;37
Desember;2019;8;E11.9;Non Insulin Dependent diabetes mellitus without co;31
Desember;2019;9;D63.9;Anaemia in other chronic diseases classified elsew;30
Desember;2019;10;N18.5;Chronic Kidney disease, stage 5;28
Nopember;2019;1;K30;Dyspepsia;65
Nopember;2019;2;I63.9;Cerebral infarction, unspecified;49
Nopember;2019;3;D64.9;Anaemia, unspecified;41
Nopember;2019;4;I10;Essential (primary) hypertension;41
Nopember;2019;5;E11.9;Non Insulin Dependent diabetes mellitus without co;38
Nopember;2019;6;A01.0;Typhoid fever;31
Nopember;2019;7;I25.9;Chronic ischaemic heart disease, unspecified;31
Nopember;2019;8;N18.9;Chronic Renal Failure, Unspecified;30
Nopember;2019;9;D63.9;Anaemia in other chronic diseases classified elsew;28
Nopember;2019;10;J44.1;Chronic obstructive pulmonary disease with acute e;28
Januari;2020;1;A09.9;Gastroenteritis and colitis of unsfecified origin;82
Januari;2020;2;I10;Essential (primary) hypertension;77
Januari;2020;3;K30;Dyspepsia;76
Januari;2020;4;D64.9;Anaemia, Unspecified;65
Januari;2020;5;I63.9;Cerebral infraction, unspecified;62
Januari;2020;6;J18.9;Pneumonia, Unspecified;62
Januari;2020;7;E11.9;Non-insulin-dependent diabetes mellitus without co;44
Januari;2020;8;N18.5;Chronic kidney disease, stage 5;42
Januari;2020;9;I25.9;Chronic ischaemic hearth disease, unspecified;39
Januari;2020;10;A01.0;Typhoid fever;38
Februari;2020;1;D64.9;Anaemia, Unspecified;79
Februari;2020;2;A09.9;Gastroenteritis and colitis of unsfecified origin;74
Februari;2020;3;K30;Dyspepsia;72
Februari;2020;4;I10;Essential (primary) hypertension;62
Februari;2020;5;A90;Dengue fever (classical dengue);57
Februari;2020;6;A01.0;Typhoid fever;57
Februari;2020;7;J18.9;Pneumonia, Unspecified;48
Februari;2020;8;E11.9;Non-insulin-dependent diabetes mellitus without co;44
Februari;2020;9;I63.9;Cerebral infarction, unspecified;40
Februari;2020;10;I25.9;Chronic ischaemic hearth disease, unspecified;38
Maret;2020;1;J18.9;Pneumonia, Unspecified;55
Maret;2020;2;A01.0;Typhoid fever;53
Maret;2020;3;K30;Dyspepsia;52
Maret;2020;4;A90;Dengue fever (classical dengue);47
Maret;2020;5;D64.9;Anaemia, Unspecified;38
Maret;2020;6;A09.9;Gastroenteritis and colitis of unsfecified origin;38
Maret;2020;7;E11.9;Non-insulin-dependent diabetes mellitus without co;31
Maret;2020;8;J44.1;Chronic obstructive pulmonary disease with acute e;30
Maret;2020;9;I10;Essential (primary) hypertension;29
Maret;2020;10;I63.9;Cerebral infarction, unspecified;24
April;2020;1;D64.9;Anaemia, unspecified;44
April;2020;2;A90;Dengue fever (classical dengue);36
April;2020;3;J18.9;Pneumonia, unspecified;29
April;2020;4;E11.9;Non-insulin-dependent diabetes mellitus without co;26
April;2020;5;I10;Essential (primary) hypertension;24
April;2020;6;K30;Dyspepsia;22
April;2020;7;I64;Stroke, not specified as haemorrhage or infarction;22
April;2020;8;A09.9;Gastroenteritis and colitis of unspecified origin;21
April;2020;9;N18.5;Chronic Kidney Disease, stage 5;19
April;2020;10;I12.0;Hypertensive renal disease with renal failure;18
Mei;2020;1;D64.9;Anaemia, unspecified;31
Mei;2020;2;A90;Dengue fever (classical dengue);28
Mei;2020;3;I63.9;Cerebral Infarction, unspecified;27
Mei;2020;4;J18.9;Pneumonia, unspecified;24
Mei;2020;5;A09.9;Gastroenteritis and colitis of unspecified origin;22
Mei;2020;6;I10;Essential (primary) hypertension;21
Mei;2020;7;I12.0;Hypertensive renal disease with renal failure;21
Mei;2020;8;E11.9;Non-insulin-dependent diabetes mellitus without co;20
Mei;2020;9;K30;Dyspepsia;19
Mei;2020;10;N18.5;Chronic Kidney Disease, stage 5;19
Juni;2020;1;J18.9;Pneumonia, unspecified;34
Juni;2020;2;I10;Essential (primary) hypertension;31
Juni;2020;3;D64.9;Anaemia, unspecified;27
Juni;2020;4;I63.9;Cerebral Infarction, unspecified;27
Juni;2020;5;I12.0;Hypertensive renal disease with renal failure;24
Juni;2020;6;A90;Dengue fever (classical dengue);22
Juni;2020;7;D63.8;Anaemia in other chronic diseases classified elsew;20
Juni;2020;8;A09.9;Gastroenteritis and colitis of unspecified origin;19
Juni;2020;9;E11.9;Non-insulin-dependent diabetes mellitus without co;17
Juni;2020;10;N18.5;Chronic Kidney Disease, stage 5;17
Juli;2020;1;D64.9;Anaemia, unspecified;42
Juli;2020;2;I10;Essential (primary) hypertension;39
Juli;2020;3;I12.0;Hypertensive renal disease with renal failure;29
Juli;2020;4;K30;Dyspepsia;28
Juli;2020;5;J18.9;Pneumonia, unspecified;24
Juli;2020;6;I63.9;Cerebral infarction, unspecified;19
Juli;2020;7;N18.5;Chronic kidney disease, stage 5;19
Juli;2020;8;D63.8;Anaemia in other chronic diseases classified elsew;18
Juli;2020;9;E14.9;Unspecified diabetes mellitus without complication;18
Juli;2020;10;I25.9;Chronic ischaemic heart disease, unspecified;17
Agustus;2020;1;D64.9;Anaemia, unspecified;57
Agustus;2020;2;I12.0;Hypertensive renal disease with renal failure;51
Agustus;2020;3;I10;Essential (primary) hypertension;35
Agustus;2020;4;E11.9;Non-insulin-dependent diabetes mellitus without co;27
Agustus;2020;5;K30;Dyspepsia;26
Agustus;2020;6;N18.5;Chronic kidney disease, stage 5;23
Agustus;2020;7;I63.9;Cerebral infarction, unspecified;19
Agustus;2020;8;J18.9;Pneumonia, unspecified;17
Agustus;2020;9;D63.8;Anaemia in other chronic diseases classified elsew;16
Agustus;2020;10;S06.00;Concussion, without open intracranial wound;15
September;2020;1;D64.9;Anaemia, unspecified;47
September;2020;2;I10;Essential (primary) hypertension;38
September;2020;3;I12.0;Hypertensive renal disease with renal failure;33
September;2020;4;I63.9;Cerebral infarction, unspecified;23
September;2020;5;J18.9;Pneumonia, unspecified;21
September;2020;6;I25.9;Chronic ischaemic heart disease, unspecified;20
September;2020;7;N18.5;Chronic kidney disease, stage 5;19
September;2020;8;D63.8;Anaemia in other chronic diseases classified elsew;19
September;2020;9;E11.9;Non Insulin Dependent Diabetes Mellitus without co;17
September;2020;10;N30.9;Cystitis, Unspecified;17
Oktober;2020;11;D64.9;Anaemia, unspecified;60
Oktober;2020;12;I12.0;Hypertensive renal disease with renal failure;44
Oktober;2020;13;I10;Essential (primary) hypertension;40
Oktober;2020;14;E11.9;Non - insulin - dependent diabetes mellitus withou;35
Oktober;2020;15;K30;Dyspepsia;28
Oktober;2020;16;D63.8;Anaemia in other chronic diseases classified elsew;25
Oktober;2020;17;N18.5;Chronic kidney disease, stage 5;25
Oktober;2020;18;A09.9;Gastroenteritis and colitis of unspecified origin;20
Oktober;2020;19;N30.9;Cystitis, Unspecified;19
Oktober;2020;20;I25.9;Chronic ischaemic heart disease, unspecified;18
November;2020;1;I10;Essential (primary) hypertension;42
November;2020;2;D64.9;Anaemia, unspecified;34
November;2020;3;I12.0;Hypertensive renal disease with renal failure;32
November;2020;4;N18.5;Chronic kidney disease, stage 5;30
November;2020;5;K30;Dyspepsia;29
November;2020;6;E11.9;Non - insulin - dependent diabetes mellitus withou;27
November;2020;7;I64;Stroke, Not specifieed as haemorrhage or infarctio;23
November;2020;8;J18.9;Pneumonia, unspecified;23
November;2020;9;D63.8;Anaemia in other chronic diseases classified elsew;22
November;2020;10;N30.9;Cystitis, Unspecified;19
Desember;2020;1;D64.9;Anaemia, unspecified;32
Desember;2020;2;I12.0;Hypertensive renal disease with renal failure;31
Desember;2020;3;I10;Essential (primary) hypertension;23
Desember;2020;4;J18.9;Pneumonia, unspecified;23
Desember;2020;5;N18.5;Chronic kidney disease, stage 5;22
Desember;2020;6;I64;Stroke, Not specifieed as haemorrhage or infarctio;22
Desember;2020;7;D63.8;Anaemia in other chronic diseases classified elsew;21
Desember;2020;8;N30.9;Cystitis, Unspecified;18
Desember;2020;9;K30;Dyspepsia;16
Desember;2020;10;N40;Hyperplasia of Prostate;14
Januari;2021;1;D64.9;Anaemia, Unspecified;38
Januari;2021;2;I12.0;Hypertensive renal disease with renal failure;29
Januari;2021;3;N18.5;Chronic kidney disease, stage 5;21
Januari;2021;4;J18.9;Pneumonia, Unspecified;18
Januari;2021;5;K30;Dyspepsia;16
Januari;2021;6;D63.8;Anaemia in other chronic diseases classifield else;14
Januari;2021;7;I64;Stroke, not specified as haemorrhage or infarction;13
Januari;2021;8;I10;Essential (primary) hypertension;42
Januari;2021;9;E14.9;Unspecified diabetes mellitus without complication;12
Januari;2021;10;A09.9;Gastroenteritis and colitis of unsfecified origin;10
Februari;2021;1;D64.9;Anaemia, Unspecified;35
Februari;2021;2;I12.0;Hypertensive renal disease with renal failure;31
Februari;2021;3;J18.9;Pneumonia, Unspecified;17
Februari;2021;4;K30;Dyspepsia;15
Februari;2021;5;E11.9;Non-insulin-dependent diabetes mellitus without co;14
Februari;2021;6;N18.5;Chronic kidney disease, stage 5;14
Februari;2021;7;D63.8;Anaemia in other chronic diseases classifield else;12
Februari;2021;8;A09.9;Gastroenteritis and colitis of unsfecified origin;12
Februari;2021;9;N30.9;Cystitis, unspecified;12
Februari;2021;10;J18.0;Bronchopneumonia, unspecified;10
Maret;2021;1;I10;Essential (primary) hypertension;20
Maret;2021;2;J18.9;Pneumonia, Unspecified;19
Maret;2021;3;A09.9;Gastroenteritis and colitis of unsfecified origin;14
Maret;2021;4;E11.9;Non-insulin-dependent diabetes mellitus without co;14
Maret;2021;5;D64.9;Anaemia, Unspecified;13
Maret;2021;6;K30;Dyspepsia;11
Maret;2021;8;I64;Stroke, Not specified as haemorrhage or infarction;10
Maret;2021;9;N30.9;Cystitis, unspecified;9
Maret;2021;10;A90;Dengue Fever (classical dengue);8
April;2021;1;D64.9;Anaemia, unspecified;37
April;2021;2;A09.9;Gastroenteritis and colitis of unspecified origin;28
April;2021;3;I12.0;Hypertensive renal disease with renal failure;21
April;2021;4;J18.9;Pneumonia, unspecified;17
April;2021;5;I10;Essential (primary) hypertension;14
April;2021;6;E14.9;Unspecified diabetes mellitus without complication;13
April;2021;7;E86;Volume Depletion;12
April;2021;8;N30.9;Cystitis, unspecified;11
April;2021;9;N18.5;Chronic Kidney Disease, stage 5;11
April;2021;10;A01.0;Typhoid Fever;9
Mei;2021;1;B34.2;Coronavirus infection, unspecified;64
Mei;2021;2;D64.9;Anaemia, unspecified;38
Mei;2021;3;I82.8;Embolism and thrombosis of other specified veins;35
Mei;2021;4;A09.9;Gastroenteritis and colitis of unspecified origin;27
Mei;2021;5;N18.5;Chronic Kidney Disease, stage 5;27
Mei;2021;6;I10;Essential (primary) hypertension;24
Mei;2021;7;I12.0;Hypertensive renal disease with renal failure;23
Mei;2021;8;J18.9;Pneumonia, unspecified;23
Mei;2021;9;E11.9;Non-insulin-dependent diabetes mellitus without co;23
Mei;2021;10;D63.8;Anaemia in other chronic diseases classified elsew;21
Juni;2021;1;B34.2;Coronavirus infection, unspecified;35
Juni;2021;2;D64.9;Anaemia, unspecified;27
Juni;2021;3;I10;Essential (primary) hypertension;25
Juni;2021;4;I82.8;Embolism and thrombosis of other specified veins;18
Juni;2021;5;N18.5;Chronic Kidney Disease, stage 5;15
Juni;2021;6;I64;Stroke, not specified as haemorrhage or infarction;12
Juni;2021;7;J18.9;Pneumonia, unspecified;12
Juni;2021;8;K30;Dyspepsia;11
Juni;2021;9;E11.9;Non-insulin-dependent diabetes mellitus without co;11
Juni;2021;10;I25.9;Chronic ischaemic heart disease, unspecified;10
Juli;2021;1;B34.2;Coronavirus infection, unspecified;67
Juli;2021;2;I82.8;Embolism and thrombosis of other specified veins;60
Juli;2021;3;R06.0;Dyspnoea;23
Juli;2021;4;K76.9;Liver disease, unspecified;18
Juli;2021;5;D64.9;Anaemia, unspecified;14
Juli;2021;6;I12.0;Hypertensive renal disease with renal failure;9
Juli;2021;7;E14.9;Unspecified diabetes mellitus without complication;6
Juli;2021;8;N17.9;Acute Renal Failure, Unspecified;5
Juli;2021;9;D69.6;Thrombocytopenia, unspecified;5
Juli;2021;10;E11.9;Non- Insulin-dependent diabetes mellitus without c;5
Agustus;2021;1;B34.2;Coronavirus infection, unspecified;64
Agustus;2021;2;I82.8;Embolism and thrombosis of other specified veins;64
Agustus;2021;3;D64.9;Anaemia, unspecified;36
Agustus;2021;4;I12.0;Hypertensive renal disease with renal failure;26
Agustus;2021;5;K72.9;Hepatic failure, unspecified;24
Agustus;2021;6;E11.9;Non Insulin Dependent Diabetes Mellitus without co;21
Agustus;2021;7;E14.9;Unspecified diabetes mellitus without complication;19
Agustus;2021;8;I10;Essential (primary) hypertension;18
Agustus;2021;9;N17.9;Acute Renal Failure, Unspecified;15
Agustus;2021;10;N18.5;Chronic kidney disease, stage 5;15
September;2021;1;D64.9;Anaemia, unspecified;31
September;2021;2;I10;Essential (primary) hypertension;18
September;2021;3;I12.0;Hypertensive renal disease with renal failure;18
September;2021;4;E14.9;Unspecified diabetes mellitus without complication;14
September;2021;5;S06.0;Concussion, without open intracranial wound;13
September;2021;6;I82.8;Embolism and thrombosis of other specified veins;13
September;2021;7;J18.9;Pneumonia, unspecified;11
September;2021;8;N30.9;Cystitis, Unspecified;11
September;2021;9;I61.2;Intracerebral haemorrhage in hemisphere, unspecifi;11
September;2021;10;E11.9;Non Insulin Dependent Diabetes Mellitus without co;11
Oktober;2021;1;D64.9;Anaemia, unspecified;23
Oktober;2021;2;I10;Essential (primary) hypertension;20
Oktober;2021;3;S06.0;Concussion, without open intracranial wound;19
Oktober;2021;4;E86;Volume depletion;18
Oktober;2021;5;I63.9;Cerebral infraction, unspecified;16
Oktober;2021;6;A09.9;Gastroenteritis and colitis of unspecified origin;14
Oktober;2021;7;N13.2;Hydronephrosis with renal and ureteral calculous o;13
Oktober;2021;8;J18.9;Pneumonia, unspecified;12
Oktober;2021;9;N17.9;Acute Renal Failure, unspecified;12
Oktober;2021;10;E14.9;Unspecified diabetes mellitus without complication;10
November;2021;1;I12.0;Hypertensive renal disease with renal failure;25
November;2021;2;I10;Essential (primary) hypertension;23
November;2021;3;A09.9;Gastroenteritis and colitis of unspecified origin;22
November;2021;4;I63.9;Cerebral infraction, unspecified;22
November;2021;5;D63.8;Anaemia in other chronic diseases classified elsew;21
November;2021;6;D64.9;Anaemia, unspecified;19
November;2021;7;S06.0;Concussion, without open intracranial wound;19
November;2021;8;J18.9;Pneumonia, unspecified;18
November;2021;9;E87.1;Hypo - osmolality and Hyponatraemia;18
November;2021;10;E14.9;Unspecified diabetes mellitus without complication;17
Desember;2021;1;A09.9;Gastroenteritis and colitis of unspecified origin;39
Desember;2021;2;D64.9;Anaemia, unspecified;36
Desember;2021;3;I10;Essential (primary) hypertension;28
Desember;2021;4;I12.0;Hypertensive renal disease with renal failure;16
Desember;2021;5;J18.9;Pneumonia, unspecified;24
Desember;2021;6;E14.9;Unspecified diabetes mellitus without complication;24
Desember;2021;7;E86;Volume depletion;23
Desember;2021;8;I63.9;Cerebral infraction, unspecified;22
Desember;2021;9;D63.8;Anaemia in other chronic diseases classified elsew;21
Desember;2021;10;E87.6;Hypokalaemia;16
Januari;2022;1;I10;Essential (primary) hypertension;36
Januari;2022;2;A09.9;Gastroenteritis and colitis of unsfecified origin;35
Januari;2022;3;I12.0;Hypertensive renal disease with renal failure;33
Januari;2022;4;D64.9;Anaemia, Unspecified;30
Januari;2022;5;J18.0;Bronchopneumonia, unspecified;27
Januari;2022;6;E86;Volume depletion;24
Januari;2022;7;D63.8;Anaemia in other chronic diseases classifield else;24
Januari;2022;8;K30;Dyspepsia;22
Januari;2022;9;E14.9;Unspecified diabetes mellitus without complication;22
Januari;2022;10;E87.1;Hypo-osmolality and hyponatraemia;21
Februari;2022;1;I12.0;Hypertensive renal disease with renal failure;30
Februari;2022;2;D64.9;Anaemia, Unspecified;27
Februari;2022;3;I10;Essential (primary) hypertension;21
Februari;2022;4;J18.0;Bronchopneumonia, unspecified;20
Februari;2022;5;D63.8;Anaemia in other chronic diseases classifield else;14
Februari;2022;6;E86;Volume depletion;13
Februari;2022;7;A09.9;Gastroenteritis and colitis of unsfecified origin;13
Februari;2022;8;E14.9;Unspecified diabetes mellitus without complication;12
Februari;2022;9;K30;Dyspepsia;12
Februari;2022;10;E87.6;Hypokalaemia;10
Maret;2022;1;D64.9;Anaemia, Unspecified;40
Maret;2022;2;I12.0;Hypertensive renal disease with renal failure;27
Maret;2022;3;D63.8;Anaemia in other chronic diseases classifield else;21
Maret;2022;4;I10;Essential (primary) hypertension;20
Maret;2022;5;A90;Dengue fever (classical dengue);19
Maret;2022;6;I63.9;Cerebral infarction, unspecified;18
Maret;2022;7;J18.0;Bronchopneumonia, unspecified;18
Maret;2022;8;A09.9;Gastroenteritis and colitis of unsfecified origin;18
Maret;2022;9;A01.0;Typhoid fever;15
Maret;2022;10;N18.5;Chronic kidney disease, stage 5;14
April;2022;1;D64.9;Anaemia, unspecified;30
April;2022;2;I10;Essential (primary) hypertension;22
April;2022;3;I63.9;Cerebral infarction, unspecified;19
April;2022;4;E86;Volume Depletion;16
April;2022;5;A09.9;Gastroenteritis and colitis of unspecified origin;14
April;2022;6;A90;Dengue Fever (classical dengue);14
April;2022;7;;;14
April;2022;8;A01.0;Typhoid Fever;13
April;2022;9;G81.9;Hemiplegia, unspecified;13
April;2022;10;N39.0;Urinary tract infection, site not specified;12
Mei;2022;1;I10;Essential (primary) hypertension;39
Mei;2022;2;D64.9;Anaemia, unspecified;33
Mei;2022;3;J18.0;Bronchopneumonia, unspecified;26
Mei;2022;4;A09.9;Gastroenteritis and colitis of unspecified origin;24
Mei;2022;5;A90;Dengue Fever (classical dengue);23
Mei;2022;6;I12.0;Hypertensive renal disease with renal failure;22
Mei;2022;7;E86;Volume Depletion;18
Mei;2022;8;A01.0;Typhoid Fever;18
Mei;2022;9;E11.9;Non-insulin-dependent diabetes mellitus without complications;17
Mei;2022;10;I63.9;Cerebral infarction, unspecified;16
Juni;2022;1;D64.9;Anaemia, unspecified;39
Juni;2022;2;I63.9;Cerebral infarction, unspecified;29
Juni;2022;3;I10;Essential (primary) hypertension;28
Juni;2022;4;A09.9;Gastroenteritis and colitis of unspecified origin;27
Juni;2022;5;A90;Dengue Fever (classical dengue);25
Juni;2022;6;I12.0;Hypertensive renal disease with renal failure;23
Juni;2022;7;E86;Volume Depletion;22
Juni;2022;8;J18.9;Pneumonia, unspecified;22
Juni;2022;9;J18.0;Bronchopneumonia, unspecified;20
Juni;2022;10;N18.5;Chronic Kidney Disease, stage 5;18
Juli;2022;1;D64.9;Anemia, Unspecified;47
Juli;2022;2;I12.0;Hypertensive renal disease with renal failure;40
Juli;2022;3;I10;Essential (primary) hypertension;36
Juli;2022;4;A90;Dengue Fever (classical dengue);31
Juli;2022;5;J18.9;Pneumonia, unspecified;24
Juli;2022;6;A09.0;Gastroenteritis and colitis of unspecified origin;24
Juli;2022;7;J18.0;Bronchopneumonia, unspecified;23
Juli;2022;8;I63.9;Cerebral infarction, unspecified;22
Juli;2022;9;E 87.1;Hypo-osmolality and hyponatraemia;21
Juli;2022;10;K30;Dyspepsia;20
Agustus;2022;1;I10;Essential (primary) hypertension;55
Agustus;2022;2;J18.0;Bronchopneumonia, unspecified;35
Agustus;2022;3;D64.9;Anaemia, unspecified;33
Agustus;2022;4;A09.0;Gastroenteritis and colitis of unspecified origin;32
Agustus;2022;5;J18.9;Pneumonia, unspecified;29
Agustus;2022;6;A90;Dengue Fever (classical dengue);29
Agustus;2022;7;I63.9;Cerebral infarction, unspecified;24
Agustus;2022;8;N18.5;Chronic kidney disease, stage 5;22
Agustus;2022;9;K30;Dyspepsia;22
Agustus;2022;10;E14.9;Unspecified diabetes mellitus without complications;22
September;2022;1;J18.0;Bronchopneumonia, unspecified;62
September;2022;2;I10;Essential (primary) hypertension;45
September;2022;3;D64.9;Anaemia, unspecified;39
September;2022;4;K30;Dyspepsia;38
September;2022;5;I63.9;Cerebral infarction, unspecified;31
September;2022;6;A09.0;Gastroenteritis and colitis of unspecified origin;29
September;2022;7;N20.1;Calculus of ureter;27
September;2022;8;I12.0;Hypertensive renal disease with renal failure;27
September;2022;9;A90;Dengue Fever (classical dengue);26
September;2022;10;E11.9;Non Insulin Dependent Diabetes Mellitus without complications;25
Oktober;2022;1;J18.0;Bronchopneumonia, unspecified;70
Oktober;2022;2;I10;Essential (primary) hypertension;47
Oktober;2022;3;D64.9;Anaemia, unspecified;36
Oktober;2022;4;E11.9;Non insulin dependent diabetes mellitus without complications;26
Oktober;2022;5;I12.0;Hypertensive renal disease with renal failure;24
Oktober;2022;6;K30;Dyspepsia;23
Oktober;2022;7;N18.5;Chronic Renal Failure, stage 5;23
Oktober;2022;8;I25.9;Chronic ischaemic heart disease, unspecified;21
Oktober;2022;9;I63.9;Cerebral infraction, unspecified;21
Oktober;2022;10;A90;Dengue Fever (clasical dengue);21
November;2022;1;J18.0;Bronchopneumonia, unspecified;59
November;2022;2;I10;Essential (primary) hypertension;51
November;2022;3;K30;Dyspepsia;31
November;2022;4;D64.9;Anaemia, unspecified;29
November;2022;5;I12.0;Hypertensive renal disease with renal failure;29
November;2022;6;A09.9;Gastroenteritis and colitis of unspecified origin;25
November;2022;7;J18.9;Pneumonia, unspecified;23
November;2022;8;E11.9;Non Insulin dependent diabetes mellitus without complications;23
November;2022;9;A90;Dengue Fever (clasical dengue);21
November;2022;10;N20.1;Calculus of Ureter;20
Desember;2022;1;D64.9;Anaemia, unspecified;53
Desember;2022;2;J18.0;Bronchopneumonia, unspecified;51
Desember;2022;3;I10;Essential (primary) hypertension;50
Desember;2022;4;S06.00;Concussion, without open intracranial wound;28
Desember;2022;5;I12.0;Hypertensive renal disease with renal failure;27
Desember;2022;6;I63.9;Cerebral infraction, unspecified;27
Desember;2022;7;A90;Dengue Fever (clasical dengue);26
Desember;2022;8;E11.9;Non Insulin dependent diabetes mellitus without complications;26
Desember;2022;9;K30;Dyspepsia;24
Desember;2022;10;E14.9;Unspecified diabetes mellitus without complications;20
Januari;2023;1;D64.9;Anaemia, Unspecified;66
Januari;2023;2;I10;Essential (primary) hypertension;61
Januari;2023;3;J18.0;Bronchopneumonia, unspecified;48
Januari;2023;4;I12.0;Hypertensive renal disease with renal failure;44
Januari;2023;5;K30;Dyspepsia;34
Januari;2023;6;A09.9;Gastroenteritis and colitis of unsfecified origin;31
Januari;2023;7;E11.9;Non - Insulin - dependent diabetes mellitus without complication;29
Januari;2023;8;I63.9;Cerebral infarction, unspecified;27
Januari;2023;9;E14.9;Unspecified diabetes mellitus without complications;27
Januari;2023;10;A90;Dengue fever (classical dengue);24
Februari;2023;1;I10;Essential (primary) hypertension;57
Februari;2023;2;J18.0;Bronchopneumonia, unspecified;40
Februari;2023;3;K30;Dyspepsia;38
Februari;2023;4;D64.9;Anaemia, Unspecified;35
Februari;2023;5;I12.0;Hypertensive renal disease with renal failure;33
Februari;2023;6;E11.9;Non - Insulin - dependent diabetes mellitus without complication;32
Februari;2023;7;N39.0;Urinary tract infection, site not specified;29
Februari;2023;8;I63.9;Cerebral infarction, unspecified;28
Februari;2023;9;E87.1;Hypo-osmolality and hyponatraemia;24
Februari;2023;10;A09.9;Gastroenteritis and colitis of unsfecified origin;22
Maret;2023;1;I10;Essential (primary) hypertension;49
Maret;2023;2;J18.0;Bronchopneumonia, unspecified;45
Maret;2023;3;D64.9;Anaemia, Unspecified;42
Maret;2023;4;A09.9;Gastroenteritis and colitis of unsfecified origin;40
Maret;2023;5;I63.9;Cerebral infarction, unspecified;36
Maret;2023;6;K30;Dyspepsia;33
Maret;2023;7;E11.9;Non - Insulin - dependent diabetes mellitus without complication;32
Maret;2023;8;D63.8;Anaemiain other chronic diseases classified elsewhere;29
Maret;2023;9;N18.5;Chronic kidney disease, stage 5;29
Maret;2023;10;E87.1;Hypo-osmolality and hyponatraemia;28
April;2023;1;D64.9;Anaemia, unspecified;51
April;2023;2;J18.0;Bronchopneumonia, unspecified;48
April;2023;3;A09.9;Gastroenteritis and colitis of unspecified origin;43
April;2023;4;I10;Essential (primary) hypertension;39
April;2023;5;K30;Dyspepsia;38
April;2023;6;I63.9;Cerebral infarction, unspecified;34
April;2023;7;E11.9;Non-insulin-dependent diabetes mellitus without complications;29
April;2023;8;I12.0;Hypertensive renal disease with renal failure;28
April;2023;9;I25.9;Chronic ischaemic heart disease, unspecified;26
April;2023;10;J18.9;Pneumonia, unspecified;23
Mei;2023;1;D64.9;Anaemia, unspecified;58
Mei;2023;2;J18.0;Bronchopneumonia, unspecified;57
Mei;2023;3;I63.9;Cerebral infarction, unspecified;43
Mei;2023;4;K30;Dyspepsia;43
Mei;2023;5;I12.0;Hypertensive renal disease with renal failure;41
Mei;2023;6;J18.9;Pneumonia, unspecified;40
Mei;2023;7;A09.9;Gastroenteritis and colitis of unspecified origin;39
Mei;2023;8;I10;Essential (primary) hypertension;34
Mei;2023;9;D63.9;Anaemia in other chronic diseases classified elsewhere;33
Mei;2023;10;I25.9;Chronic ischaemic heart disease, unspecified;30
Juni;2023;1;I10;Essential (primary) hypertension;63
Juni;2023;2;I12.0;Hypertensive renal disease with renal failure;51
Juni;2023;3;D64.9;Anaemia, unspecified;47
Juni;2023;4;J18.0;Bronchopneumonia, unspecified;43
Juni;2023;5;D63.9;Anaemia in other chronic diseases classified elsewhere;36
Juni;2023;6;K30;Dyspepsia;35
Juni;2023;7;I63.9;Cerebral infarction, unspecified;34
Juni;2023;8;E14.9;Unspecified diabetes mellitus without complications;22
Juni;2023;9;N20.1;Calculus of ureter;22
Juni;2023;10;A09.9;Gastroenteritis and colitis of unspecified origin;21
Juli;2023;1;I10;Essential (primary) hypertension;61
Juli;2023;2;J18.0;Bronchopneumonia, unspecified;59
Juli;2023;3;S06.00;Concussion, without open intracranial wound;40
Juli;2023;4;N20.1;Calculus of ureter;39
Juli;2023;5;D64.9;Anaemia, unspecified;37
Juli;2023;6;A09.0;Gastroenteritis and colitis of unspecified origin;36
Juli;2023;7;I12.0;Hypertensive renal disease with renal failure;37
Juli;2023;8;I63.9;Cerebral infarction, unspecified;34
Juli;2023;9;I25.9;Chronic ischaemic hearth disease, unspecified;31
Juli;2023;10;D63.8;Anaemia in other chronic diseases classified elsewhere;29
Agustus;2023;1;I10;Essential (primary) hypertension;58
Agustus;2023;2;J18.0;Bronchopneumonia, unspecified;45
Agustus;2023;3;D64.9;Anaemia, unspecified;45
Agustus;2023;4;I63.9;Cerebral infarction, unspecified;44
Agustus;2023;5;E11.9;Non insulin dependent diabetes mellitus without complications;41
Agustus;2023;6;I12.0;Hypertensive renal disease with renal failure;40
Agustus;2023;7;D63.8;Anaemia in other chronic diseases classified elsewhere;31
Agustus;2023;8;G81.9;Hemiplegia, unspecified;31
Agustus;2023;9;J18.9;Pneumonia, unspecified;31
Agustus;2023;10;E14.9;Unspecified diabetes mellitus without complications;29
September;2023;1;J18.0;Bronchopneumonia, unspecified;59
September;2023;2;I10;Essential (primary) hypertension;52
September;2023;3;E11.9;Non insulin dependent diabetes mellitus without complications;44
September;2023;4;I12.0;Hypertensive renal disease with renal failure;42
September;2023;5;I63.9;Cerebral infarction, unspecified;39
September;2023;6;K30;Dyspepsia;39
September;2023;7;D64.9;Anaemia, unspecified;39
September;2023;8;J18.9;Pneumonia, unspecified;36
September;2023;9;A09.9;Gastroenteritis and colitis of unspecified origin;34
September;2023;10;D63.8;Anaemia in other chronic diseases classified elsewhere;33
Oktober;2023;1;J18.0;Bronchopneumonia, unspecified;69
Oktober;2023;2;I10;Essential (primary) hypertension;59
Oktober;2023;3;K30;Dyspepsia;50
Oktober;2023;4;I63.9;Cerebral infraction, unspecified;47
Oktober;2023;5;D64.9;Anaemia, unspecified;46
Oktober;2023;6;N20.1;Calculus of Ureter;44
Oktober;2023;7;D63.8;Anaemia in other chronic disease classified elsewhere;41
Oktober;2023;8;I12.0;Hypertensive renal disease with renal failure;39
Oktober;2023;9;E11.9;Non Insulin dependent diabetes mellitus without complications;38
Oktober;2023;10;G81.9;Hemiplegia, unspecified;36
November;2023;1;J18.0;Bronchopneumonia, unspecified;50
November;2023;2;K30;Dyspepsia;48
November;2023;3;I10;Essential (primary) hypertension;47
November;2023;4;D64.9;Anaemia, unspecified;42
November;2023;5;E11.9;Non Insulin dependent diabetes mellitus without complications;37
November;2023;6;A09.9;Gastroenteritis and colitis of unspecified origin;33
November;2023;7;I63.9;Cerebral Infarction, unspecified;32
November;2023;8;I12.0;Hypertensive renal disease with renal failure;31
November;2023;9;I27.9;Pulmonary hearth disease, unspecified;29
November;2023;10;S06.00;Concussion, without open intracranial wound;26
Desember;2023;1;I10;Essential (primary) hypertension;49
Desember;2023;2;D64.9;Anaemia, unspecified;43
Desember;2023;3;J18.0;Bronchopneumonia, unspecified;42
Desember;2023;4;I12.0;Hypertensive renal disease with renal failure;33
Desember;2023;5;A09.9;Gastroenteritis and colitis of unspecified origin;29
Desember;2023;6;S06.00;Concussion, without open intracranial wound;27
Desember;2023;7;K30;Dyspepsia;27
Desember;2023;8;I63.9;Cerebral Infarction, unspecified;24
Desember;2023;9;J81;Pulmonary oedema;18
Desember;2023;10;N20.1;Calculus of Ureter;17
Januari;2024;1;A09.9;Gastroenteritis and colitis of unsfecified origin;49
Januari;2024;2;I10;Essential (primary) hypertension;48
Januari;2024;3;K30;Dyspepsia;42
Januari;2024;4;D64.9;Anaemia, Unspecified;40
Januari;2024;5;E86;Volume depletion;39
Januari;2024;6;N20.1;Calculus of ureter;35
Januari;2024;7;J18.0;Bronchopneumonia, unspecified;31
Januari;2024;8;I63.9;Cerebral infarction, unspecified;29
Januari;2024;9;J18.9;Pneumonia, unspecified;26
Januari;2024;10;I 11.9;Hypertensive heart disease without (congestive) heanrt failure;26
Februari;2024;1;A09.9;Gastroenteritis and colitis of unsfecified origin;76
Februari;2024;2;E86;Volume depletion;67
Februari;2024;3;I10;Essential (primary) hypertension;66
Februari;2024;4;A90;Dengue Fever (classical dengue);64
Februari;2024;5;J18.0;Bronchopneumonia, unspecified;60
Februari;2024;6;K30;Dyspepsia;58
Februari;2024;7;D64.9;Anaemia, Unspecified;51
Februari;2024;8;I63.9;Cerebral infarction, unspecified;50
Februari;2024;9;J18.9;Pneumonia, unspecified;49
Februari;2024;10;E11.9;Non - Insulin - dependent diabetes mellitus without complication;44
Maret;2024;1;A90;Dengue Fever (classical dengue);133
Maret;2024;2;A09.9;Gastroenteritis and colitis of unsfecified origin;104
Maret;2024;3;E86;Volume depletion;81
Maret;2024;4;K30;Dyspepsia;68
Maret;2024;5;J18.0;Bronchopneumonia, unspecified;67
Maret;2024;6;A91;Dengue haemorrhagie Fever;59
Maret;2024;7;I12.0;Hypertensive renal disease with renal failure;53
Maret;2024;8;D64.9;Anaemia, Unspecified;51
Maret;2024;9;N39.0;Urinary tract infection, site not specified;50
Maret;2024;10;I63.9;Cerebral infarction, unspecified;48
April;2024;1;A90;Dengue Fever (classical dengue);173
April;2024;2;J18.0;Bronchopneumonia, unspecified;94
April;2024;3;A09.9;Gastroenteritis and colitis of unspecified origin;82
April;2024;4;I10;Essential (primary) hypertension;64
April;2024;5;A91;Dengue haemorrhagic fever;61
April;2024;6;E 86;Volume depletion;57
April;2024;7;I63.9;Cerebral infarction, unspecified;56
April;2024;8;J18.9;Pneumonia, unspecified;55
April;2024;9;I12.0;Hypertensive renal disease with renal failure;55
April;2024;10;D64.9;Anaemia, unspecified;53
Mei;2024;1;A90;Dengue Fever (classical dengue);118
Mei;2024;2;A09.9;Gastroenteritis and colitis of unspecified origin;55
Mei;2024;3;E 86;Volume depletion;55
Mei;2024;4;K30;Dyspepsia;50
Mei;2024;5;I63.9;Cerebral infarction, unspecified;48
Mei;2024;6;I10;Essential (primary) hypertension;39
Mei;2024;7;A91;Dengue haemorrhagic fever;38
Mei;2024;8;N39.0;Urinary tract infection, site not specified;32
Mei;2024;9;I12.0;Hypertensive renal disease with renal failure;32
Mei;2024;10;E11.9;Non insulin dependent diabetes mellitus without complications;31
Juni;2024;1;A90;Dengue Fever (classical dengue);71
Juni;2024;2;I10;Essential (primary) hypertension;38
Juni;2024;3;D64.9;Anaemia, unspecified;31
Juni;2024;4;A91;Dengue haemorrhagic fever;26
Juni;2024;5;A09.9;Gastroenteritis and colitis of unspecified origin;26
Juni;2024;6;K30;Dyspepsia;25
Juni;2024;7;K76.9;Liver disease, unspecified;23
Juni;2024;8;I63.9;Cerebral infarction, unspecified;22
Juni;2024;9;G81.9;Hemiplegia, unspecified;20
Juni;2024;10;J81;Pulmonary oedema;20
Juli;2024;1;D64.9;Anaemia, unspecified;63
Juli;2024;2;I12.0;Hypertensive renal disease with renal failure;50
Juli;2024;3;A09.9;Gastroenteritis and colitis of unspecified origin;34
Juli;2024;4;K30;Dyspepsia;33
Juli;2024;5;I10;Essential (primary) hypertension;32
Juli;2024;6;A90;Dengue Fever (clasical dengue);31
Juli;2024;7;E86;Volume depletion;29
Juli;2024;8;I63.9;Cerebral infarction, unspecified;23
Juli;2024;9;N18.5;Chronic kidney disease, stage 5;22
Juli;2024;10;I25.9;Chronic ischaemic heart disease, unspecified;21
Agustus;2024;1;A90;Dengue Fever (clasical dengue);47
Agustus;2024;2;A09.9;Gastroenteritis and colitis of unspecified origin;35
Agustus;2024;3;I10;Essential (primary) hypertension;34
Agustus;2024;4;E86;Volume depletion;31
Agustus;2024;5;J18.0;Bronchopneumonia, unspecified;29
Agustus;2024;6;E11.9;Non insulin dependent diabetes mellitus without complications;28
Agustus;2024;7;D64.9;Anaemia, unspecified;27
Agustus;2024;8;K30;Dyspepsia;25
Agustus;2024;9;S06.00;Concussion, without open intracranial wound;20
Agustus;2024;10;I63.9;Cerebral infarction, unspecified;20
September;2024;1;A90;Dengue Fever (clasical dengue);42
September;2024;2;K30;Dyspepsia;40
September;2024;3;A09.9;Gastroenteritis and colitis of unspecified origin;33
September;2024;4;I10;Essential (primary) hypertension;32
September;2024;5;E86;Volume depletion;30
September;2024;6;I63.9;Cerebral infarction, unspecified;30
September;2024;7;I12.0;Hypertensive renal disease with renal failure;29
September;2024;8;E11.9;Non insulin dependent diabetes mellitus without complications;28
September;2024;9;J18.9;Pneumonia, unspecified;26
September;2024;10;D63.8;Anaemia in other chronic diseases classified elsewhere;24
